"V1","V2","V3","V4","V5","V6","V7","V8","V9","V10","V11","V12","V13","V14","V15","V16","V17","V18","V19","V20","V21","V22","V23","V24","V25","V26","V27","V28","V29","V30","V31","V32","V33","V34","V35","V36","V37","V38","V39","V40","V41","V42","V43","V44","V45","V46","V47","V48","V49","V50","V51","V52","V53","V54","V55","V56","V57","V58","V59","V60","V61","V62","V63","V64","V65","V66","V67","V68","V69","V70","V71","V72","V73","V74","V75","V76","V77","V78","V79","V80","V81","V82","V83","V84","V85","V86","V87","V88","V89","V90","V91","V92","V93","V94","V95","V96","V97","V98","V99","V100","V101","V102","V103","V104","V105","V106","V107","V108","V109","V110","V111","V112","V113","V114","V115","V116","V117","V118","V119","V120","V121","V122","V123","V124","V125","V126","V127","V128","V129","V130","V131","V132","V133","V134","V135","V136","V137","V138","V139","V140","V141","V142","V143","V144","V145","V146","V147","V148","V149","V150","V151","V152"
1,2,3,4,5,6,9,12,13,14,15,16,20,24,25,26,27,29,31,32,33,34,35,36,37,38,40,41,42,43,47,49,54,55,56,57,58,60,62,63,65,66,68,69,71,72,73,74,76,80,81,82,83,84,85,86,87,89,90,91,92,94,95,96,97,99,100,101,102,103,104,108,109,110,111,112,113,114,115,116,118,119,120,121,122,124,125,126,128,130,131,133,134,136,138,139,140,141,143,146,148,149,150,151,152,153,154,156,157,158,160,161,162,164,165,172,173,176,177,178,180,181,182,184,185,190,191,198,200,201,202,203,204,205,206,207,208,212,213,214,215,216,218,220,221,223,224,228,229,232,233,234
1,2,3,5,7,10,11,12,13,14,18,20,21,22,24,27,28,30,31,32,33,34,35,36,37,38,43,44,45,46,47,49,51,53,54,55,56,57,58,59,61,62,63,64,66,70,71,74,75,78,80,81,82,84,85,86,88,89,90,91,92,93,94,95,97,100,102,105,106,107,108,112,113,114,115,116,118,122,124,125,126,127,129,130,132,133,136,137,138,139,140,142,143,144,145,146,150,151,152,153,154,155,156,157,158,159,160,161,162,165,170,173,176,178,180,181,182,183,185,187,190,191,194,195,197,198,200,201,202,203,205,206,207,208,212,213,214,215,216,217,218,219,220,221,222,223,226,228,230,231,232,234
1,2,3,7,8,9,10,11,13,15,16,17,19,20,21,22,23,24,25,26,27,28,29,30,31,39,42,45,46,47,48,49,52,53,54,56,57,59,61,62,67,68,69,70,73,74,75,76,79,80,81,82,83,84,85,87,89,90,91,92,94,95,96,98,100,101,102,103,105,106,107,108,109,110,111,115,116,117,119,121,122,125,129,131,132,134,137,138,141,142,143,144,145,146,147,148,149,150,151,152,153,154,157,158,159,160,161,162,165,166,167,170,171,173,174,177,178,179,181,183,185,186,189,191,192,193,195,196,199,201,202,205,206,208,209,210,212,213,214,215,218,219,221,223,224,225,227,228,229,231,233,234
3,4,7,8,9,10,11,12,15,17,18,19,20,21,22,23,24,26,27,29,30,31,32,33,34,35,36,37,39,40,42,45,46,49,51,52,54,56,57,58,59,60,61,62,63,64,65,68,69,75,77,81,82,83,84,85,87,90,92,95,96,97,98,99,100,101,102,103,104,105,107,108,110,111,112,114,115,117,118,120,122,123,126,128,129,130,131,133,134,136,137,138,139,141,142,143,144,145,146,149,151,152,156,157,161,165,166,168,169,170,171,172,173,174,175,176,179,180,182,183,185,187,188,189,190,192,194,196,199,200,202,203,205,207,209,210,211,212,213,215,216,218,220,221,222,223,227,229,231,232,233,234
1,3,4,7,8,9,10,11,12,13,14,17,18,19,20,21,22,23,24,25,26,27,28,29,30,32,33,34,35,36,37,39,40,41,42,44,45,47,48,49,50,55,56,57,58,60,61,62,63,65,66,67,68,69,71,72,74,76,78,79,80,82,85,86,87,88,91,92,94,95,96,97,98,99,104,105,106,107,109,110,111,112,113,115,122,123,125,127,129,130,132,133,134,135,137,138,139,141,142,145,146,147,149,150,151,152,153,154,156,157,158,159,161,165,166,171,172,175,176,177,179,180,183,184,185,189,190,191,193,194,196,197,202,203,204,205,209,210,212,216,217,219,220,223,224,225,227,228,229,230,231,233
2,3,5,6,7,8,9,10,11,12,13,14,16,17,19,20,22,23,24,25,26,27,30,33,35,36,37,38,39,40,42,43,45,46,47,49,50,53,55,56,57,58,59,60,61,65,67,69,70,71,72,73,74,77,78,80,81,82,83,84,87,88,90,91,92,94,95,97,98,99,100,101,102,103,106,107,108,110,117,118,120,122,123,124,126,127,128,129,132,133,137,138,139,141,146,147,148,149,150,151,153,154,156,158,159,162,163,167,168,169,171,172,173,175,176,177,178,179,180,182,183,184,187,188,189,190,192,193,195,197,199,201,202,205,207,208,211,213,214,215,217,218,220,221,222,223,226,227,228,230,232,233
1,2,6,8,9,10,11,12,13,14,16,18,19,20,22,26,27,28,31,33,34,35,36,37,38,41,42,43,44,46,47,49,51,52,53,54,56,57,61,62,63,64,66,67,69,72,73,74,75,77,78,81,82,84,85,87,88,89,91,92,93,94,95,96,97,98,100,101,102,103,104,106,107,109,110,112,113,114,116,119,121,123,125,126,128,131,132,134,137,138,139,140,141,144,145,146,149,151,152,153,155,156,159,160,161,162,165,166,167,168,169,170,171,173,174,176,177,178,180,181,182,185,186,187,188,190,191,193,194,195,197,199,200,201,202,204,206,209,210,211,212,213,214,216,217,218,221,225,226,228,230,231
1,2,3,4,5,6,7,8,11,12,15,16,17,19,21,24,25,26,27,28,31,32,33,35,36,37,38,39,41,42,45,46,47,48,49,50,51,52,55,56,58,59,60,61,63,66,67,69,72,73,74,75,76,78,79,80,81,83,87,88,89,91,92,94,95,100,101,102,103,106,107,108,109,110,111,113,114,115,116,118,119,120,121,126,127,129,131,133,135,140,141,143,144,146,147,148,150,151,152,153,155,156,159,160,161,162,163,164,168,170,172,173,175,176,178,181,183,184,186,187,189,190,191,192,193,194,195,197,198,202,203,204,206,207,208,212,213,215,216,217,218,219,220,222,223,226,227,228,229,230,231,232
1,2,3,6,7,8,9,10,12,13,14,17,21,22,23,26,28,29,30,32,35,36,37,38,39,42,43,46,47,48,49,50,51,52,53,54,55,58,59,60,61,62,63,64,65,66,67,68,69,70,71,72,73,74,76,78,81,82,84,85,88,90,91,92,95,99,100,101,102,104,105,106,107,108,110,112,113,114,116,117,119,121,123,124,125,127,128,130,131,132,135,138,140,141,143,145,148,149,150,154,156,158,159,160,161,162,163,166,167,168,170,171,172,173,174,175,177,179,180,181,183,185,186,190,191,193,195,196,197,199,201,202,203,204,205,207,211,212,216,217,218,219,220,221,222,223,224,226,228,230,233,234
1,2,3,4,5,7,8,9,10,11,12,13,14,15,16,19,20,23,25,27,28,29,31,32,33,34,35,37,40,43,44,45,49,51,53,55,56,58,59,60,61,63,64,65,66,68,70,76,77,78,79,81,83,85,87,89,90,92,93,94,95,97,100,101,103,105,108,109,110,111,112,113,116,117,119,120,122,123,126,127,130,132,133,137,138,139,140,141,142,143,149,150,152,153,154,155,156,158,159,160,161,162,163,165,166,168,169,170,171,172,173,174,175,176,177,180,181,185,188,189,190,191,192,193,194,195,197,198,199,200,202,204,205,206,207,209,212,214,216,217,218,219,220,221,222,224,225,227,228,230,231,233
2,3,5,6,7,8,12,13,14,15,17,18,20,21,22,23,26,31,32,33,34,35,37,39,40,42,43,44,45,47,48,49,51,52,55,57,58,59,62,64,65,66,68,71,74,75,76,78,79,80,82,83,85,86,87,89,90,91,92,93,96,97,98,100,105,108,109,110,111,112,114,116,117,118,119,120,121,122,123,124,125,126,128,129,130,133,136,137,138,140,144,145,146,147,151,153,154,155,156,157,158,163,164,165,167,168,170,171,172,173,174,177,178,179,180,183,184,185,187,188,190,192,193,194,195,196,198,200,204,206,207,209,210,211,212,214,215,216,219,220,221,222,223,224,225,226,227,228,229,230,231,232
2,3,7,9,10,11,12,14,15,17,18,20,23,24,25,26,27,28,31,32,33,34,38,39,40,41,42,43,44,45,46,47,48,52,53,55,58,59,61,62,63,64,65,67,69,70,71,72,74,75,76,77,78,79,81,82,83,84,85,87,88,89,91,92,93,94,95,96,99,102,103,105,106,107,108,109,110,111,116,117,118,119,120,122,123,125,126,128,130,133,135,136,137,139,140,141,144,145,146,148,149,150,152,153,155,159,160,162,164,166,168,169,172,173,178,179,181,182,183,186,187,189,190,191,192,193,194,195,196,198,199,200,201,203,207,209,210,212,214,215,216,217,218,219,220,222,224,229,230,231,233,234
2,3,4,6,7,12,13,14,16,18,22,23,24,26,28,29,31,32,33,34,35,36,38,39,41,43,44,45,46,49,50,51,52,53,54,57,59,60,61,63,64,65,66,67,68,69,70,71,72,74,75,78,79,82,83,85,86,87,88,89,90,91,93,94,96,97,98,99,100,101,102,107,110,112,113,115,116,118,121,122,123,124,125,127,129,132,134,135,138,139,140,141,142,145,146,147,148,149,151,152,153,154,155,156,157,158,160,161,162,163,165,166,168,170,171,172,173,175,176,179,180,181,186,187,188,189,190,191,192,196,197,198,199,200,201,204,206,207,211,212,214,215,216,217,218,220,221,223,224,228,230,234
1,5,7,8,9,10,11,12,14,15,20,22,24,25,26,27,29,30,32,33,36,37,39,44,45,46,47,49,50,51,52,53,54,55,57,58,60,61,62,63,64,65,67,69,70,72,73,74,76,79,82,83,85,86,87,89,90,91,92,94,95,96,97,98,104,105,106,107,109,111,113,114,115,116,117,118,119,121,122,126,127,128,129,130,133,134,135,136,137,139,140,142,146,147,148,151,152,153,154,156,157,158,159,160,161,162,163,164,165,166,168,169,170,171,174,175,176,177,178,179,180,182,184,185,189,190,191,192,193,196,197,198,199,200,201,202,204,206,208,210,214,219,222,223,224,225,226,227,228,229,230,232
1,2,4,5,6,8,9,10,11,12,13,15,16,20,21,23,24,25,28,29,30,31,36,38,39,43,45,46,49,53,55,58,59,61,63,64,65,68,71,72,74,75,77,78,80,81,82,84,85,87,89,90,92,93,94,95,96,97,100,102,104,105,106,107,109,113,114,115,117,119,120,121,122,123,124,125,126,129,131,133,134,135,136,139,140,143,144,145,146,147,148,149,151,152,155,156,157,158,159,160,161,162,163,164,167,169,170,172,173,174,175,177,178,179,180,181,182,183,186,187,188,189,190,191,192,193,196,197,198,199,201,202,204,206,207,208,209,211,214,215,216,217,219,221,224,225,227,228,229,231,232,233
1,3,8,10,11,12,14,16,18,19,20,21,27,29,30,32,33,35,36,37,39,40,41,43,44,45,47,48,50,51,52,53,55,57,58,59,62,63,65,66,67,68,70,73,74,75,76,77,79,80,81,82,83,84,86,87,88,90,91,93,94,95,96,99,100,101,102,103,104,106,107,108,110,111,112,113,118,119,123,125,126,127,128,129,130,131,132,134,135,139,140,143,144,145,146,147,148,152,154,156,157,158,159,161,163,164,166,169,170,171,174,175,177,178,179,180,181,182,183,184,186,188,190,191,193,194,195,197,198,200,201,205,206,207,208,209,211,213,214,215,216,217,223,224,225,227,228,229,230,231,233,234
3,4,5,6,7,9,11,12,13,14,16,18,22,25,26,28,29,32,33,34,35,39,40,42,43,44,45,47,48,50,57,58,59,61,62,63,66,67,68,70,71,72,73,76,78,79,80,81,83,84,85,86,88,89,90,93,95,97,99,101,103,106,108,109,111,112,113,116,117,118,119,120,123,124,126,127,129,131,133,134,135,138,140,141,142,143,145,146,147,148,149,150,155,156,157,159,160,162,165,166,167,168,169,171,172,173,174,176,177,178,180,181,182,183,184,185,186,188,189,190,191,192,193,195,196,198,199,201,204,205,207,209,210,211,212,214,215,217,218,219,220,224,225,226,227,228,229,230,231,232,233,234
1,2,3,4,5,7,10,13,14,15,16,17,18,19,20,21,24,25,26,28,29,30,32,33,34,35,37,39,41,42,43,45,46,47,48,53,54,56,58,59,60,62,63,65,66,67,68,70,73,74,77,80,81,83,84,86,87,88,91,93,94,99,102,103,105,106,107,109,110,111,112,113,119,121,123,124,125,126,127,130,131,132,133,134,135,136,137,139,140,141,142,143,144,145,146,147,148,149,150,151,154,155,156,158,164,165,166,167,170,173,174,175,176,177,178,179,180,182,183,184,186,187,189,194,195,197,199,200,201,202,204,205,206,207,211,214,216,217,218,219,220,221,222,223,224,226,227,228,229,231,233,234
1,2,3,5,6,8,9,10,12,13,14,15,17,20,24,26,28,29,32,33,34,37,38,39,42,43,44,46,47,48,49,52,53,54,58,59,60,61,63,65,68,69,72,73,75,78,80,82,83,84,85,86,87,89,90,91,92,93,94,95,98,99,100,101,103,104,105,107,110,112,113,114,116,117,118,119,121,125,126,128,132,135,136,138,139,140,141,142,143,144,145,146,147,148,150,151,155,157,158,160,161,162,163,165,167,169,170,171,172,173,175,176,177,178,179,180,182,185,186,187,188,189,191,192,193,194,196,197,198,199,200,201,204,205,206,207,208,212,215,216,217,218,221,222,223,224,226,227,228,229,233,234
2,4,9,10,13,14,16,17,18,19,20,22,23,24,26,28,29,30,31,33,37,40,41,42,43,45,46,48,51,52,53,54,56,57,58,60,63,64,65,67,68,69,70,71,72,74,75,77,78,79,80,81,83,84,87,88,89,90,91,92,93,94,96,98,101,102,104,107,108,109,110,111,116,117,118,120,121,122,124,125,128,129,130,132,133,134,136,138,139,140,141,145,146,147,148,150,151,152,155,156,157,158,159,160,162,164,165,168,169,170,172,174,175,176,177,178,180,182,183,185,187,189,192,193,194,196,197,198,199,200,201,204,205,206,207,208,211,212,215,216,217,220,221,222,224,227,228,230,231,232,233,234
